idna_subject,checker_type,destination,source,tested_at,session_id
1105governmentinformationgroup.122.2o7.net,AVAILABILITY,origin.list,origin.list,2022-04-07 05:12:49.990666,9714e5f30fb62bf866f9eb94
112.2o7.net,AVAILABILITY,origin.list,origin.list,2022-04-07 05:12:50.045073,9714e5f30fb62bf866f9eb94
10xhellometro.112.2o7.net,AVAILABILITY,origin.list,origin.list,2022-04-07 05:12:50.474610,9714e5f30fb62bf866f9eb94
102.112.2o7.net,AVAILABILITY,origin.list,origin.list,2022-04-07 05:12:50.676656,9714e5f30fb62bf866f9eb94
102.122.2o7.net,AVAILABILITY,origin.list,origin.list,2022-04-07 05:12:50.889798,9714e5f30fb62bf866f9eb94
192.168.112.2o7.net,AVAILABILITY,origin.list,origin.list,2022-04-07 05:12:54.281656,9714e5f30fb62bf866f9eb94
1und1internetag.d3.sc.omtrdc.net,AVAILABILITY,origin.list,origin.list,2022-04-07 05:12:55.709023,9714e5f30fb62bf866f9eb94
192.168.122.2o7.net,AVAILABILITY,origin.list,origin.list,2022-04-07 05:12:57.390116,9714e5f30fb62bf866f9eb94
2o7.net,AVAILABILITY,origin.list,origin.list,2022-04-07 05:12:57.457731,9714e5f30fb62bf866f9eb94
3gupload.112.2o7.net,AVAILABILITY,origin.list,origin.list,2022-04-07 05:12:57.977872,9714e5f30fb62bf866f9eb94
aclu.tt.omtrdc.net,AVAILABILITY,origin.list,origin.list,2022-04-07 05:13:01.682526,9714e5f30fb62bf866f9eb94
aarp.122.2o7.net,AVAILABILITY,origin.list,origin.list,2022-04-07 05:13:02.598395,9714e5f30fb62bf866f9eb94
acanales.sc.omtrdc.net,AVAILABILITY,origin.list,origin.list,2022-04-07 05:13:03.502997,9714e5f30fb62bf866f9eb94
acckalaharinet.112.2o7.net,AVAILABILITY,origin.list,origin.list,2022-04-07 05:13:04.566836,9714e5f30fb62bf866f9eb94
abcotv.hb.omtrdc.net,AVAILABILITY,origin.list,origin.list,2022-04-07 05:13:05.289123,9714e5f30fb62bf866f9eb94
acpmagazines.112.2o7.net,AVAILABILITY,origin.list,origin.list,2022-04-07 05:13:08.237808,9714e5f30fb62bf866f9eb94
actontv.122.2o7.net,AVAILABILITY,origin.list,origin.list,2022-04-07 05:13:09.436897,9714e5f30fb62bf866f9eb94
adbrite.122.2o7.net,AVAILABILITY,origin.list,origin.list,2022-04-07 05:13:11.970242,9714e5f30fb62bf866f9eb94
adobe.tt.omtrdc.net,AVAILABILITY,origin.list,origin.list,2022-04-07 05:13:13.390387,9714e5f30fb62bf866f9eb94
adobecorp.sc.omtrdc.net,AVAILABILITY,origin.list,origin.list,2022-04-07 05:13:13.791840,9714e5f30fb62bf866f9eb94
advertisingcom.122.2o7.net,AVAILABILITY,origin.list,origin.list,2022-04-07 05:13:16.644351,9714e5f30fb62bf866f9eb94
advertisementnl.112.2o7.net,AVAILABILITY,origin.list,origin.list,2022-04-07 05:13:17.390372,9714e5f30fb62bf866f9eb94
adp.112.2o7.net,AVAILABILITY,origin.list,origin.list,2022-04-07 05:13:17.925564,9714e5f30fb62bf866f9eb94
aetnaaetnaprod2018.112.2o7.net,AVAILABILITY,origin.list,origin.list,2022-04-07 05:13:19.690584,9714e5f30fb62bf866f9eb94
aehistory.112.2o7.net,AVAILABILITY,origin.list,origin.list,2022-04-07 05:13:20.454337,9714e5f30fb62bf866f9eb94
affargenus.112.2o7.net,AVAILABILITY,origin.list,origin.list,2022-04-07 05:13:22.824504,9714e5f30fb62bf866f9eb94
aetv.112.2o7.net,AVAILABILITY,origin.list,origin.list,2022-04-07 05:13:23.399501,9714e5f30fb62bf866f9eb94
affilcrtopcolle.112.2o7.net,AVAILABILITY,origin.list,origin.list,2022-04-07 05:13:27.157295,9714e5f30fb62bf866f9eb94
agamgreetingscom.112.2o7.net,AVAILABILITY,origin.list,origin.list,2022-04-07 05:13:27.783142,9714e5f30fb62bf866f9eb94
agbmcom.112.2o7.net,AVAILABILITY,origin.list,origin.list,2022-04-07 05:13:29.363344,9714e5f30fb62bf866f9eb94
agmsnag.112.2o7.net,AVAILABILITY,origin.list,origin.list,2022-04-07 05:13:31.393508,9714e5f30fb62bf866f9eb94
agegreetings.112.2o7.net,AVAILABILITY,origin.list,origin.list,2022-04-07 05:13:31.863029,9714e5f30fb62bf866f9eb94
agwebshots.112.2o7.net,AVAILABILITY,origin.list,origin.list,2022-04-07 05:13:34.967081,9714e5f30fb62bf866f9eb94
ajinomoto.d1.sc.omtrdc.net,AVAILABILITY,origin.list,origin.list,2022-04-07 05:13:37.011471,9714e5f30fb62bf866f9eb94
agyahooag.112.2o7.net,AVAILABILITY,origin.list,origin.list,2022-04-07 05:13:37.994982,9714e5f30fb62bf866f9eb94
alchemyworldwide.tt.omtrdc.net,AVAILABILITY,origin.list,origin.list,2022-04-07 05:13:38.758874,9714e5f30fb62bf866f9eb94
albanytimesunion.122.2o7.net,AVAILABILITY,origin.list,origin.list,2022-04-07 05:13:40.836056,9714e5f30fb62bf866f9eb94
amadeus.d2.sc.omtrdc.net,AVAILABILITY,origin.list,origin.list,2022-04-07 05:13:41.992609,9714e5f30fb62bf866f9eb94
allbritton.122.2o7.net,AVAILABILITY,origin.list,origin.list,2022-04-07 05:13:44.360913,9714e5f30fb62bf866f9eb94
amazonshopbop.122.2o7.net,AVAILABILITY,origin.list,origin.list,2022-04-07 05:13:47.422704,9714e5f30fb62bf866f9eb94
amazoncustomerservice.d2.sc.omtrdc.net,AVAILABILITY,origin.list,origin.list,2022-04-07 05:13:48.036289,9714e5f30fb62bf866f9eb94
amazonmerchants.122.2o7.net,AVAILABILITY,origin.list,origin.list,2022-04-07 05:13:48.759039,9714e5f30fb62bf866f9eb94
amazonservices.122.2o7.net,AVAILABILITY,origin.list,origin.list,2022-04-07 05:13:52.170995,9714e5f30fb62bf866f9eb94
amazonwebservices.d2.sc.omtrdc.net,AVAILABILITY,origin.list,origin.list,2022-04-07 05:13:54.782371,9714e5f30fb62bf866f9eb94
amazonwebservicesinc.tt.omtrdc.net,AVAILABILITY,origin.list,origin.list,2022-04-07 05:13:54.907529,9714e5f30fb62bf866f9eb94
amcglobal.sc.omtrdc.net,AVAILABILITY,origin.list,origin.list,2022-04-07 05:13:57.022989,9714e5f30fb62bf866f9eb94
amazonwebstore.122.2o7.net,AVAILABILITY,origin.list,origin.list,2022-04-07 05:13:57.413365,9714e5f30fb62bf866f9eb94
amdvtest.112.2o7.net,AVAILABILITY,origin.list,origin.list,2022-04-07 05:14:00.416624,9714e5f30fb62bf866f9eb94
ameritradeamerivest.112.2o7.net,AVAILABILITY,origin.list,origin.list,2022-04-07 05:14:04.818965,9714e5f30fb62bf866f9eb94
americaneagleoutfitt.tt.omtrdc.net,AVAILABILITY,origin.list,origin.list,2022-04-07 05:14:05.677262,9714e5f30fb62bf866f9eb94
amexopenprod.122.2o7.net,AVAILABILITY,origin.list,origin.list,2022-04-07 05:14:06.868360,9714e5f30fb62bf866f9eb94
ameritradeogilvy.112.2o7.net,AVAILABILITY,origin.list,origin.list,2022-04-07 05:14:09.441895,9714e5f30fb62bf866f9eb94
amznshopbop.122.2o7.net,AVAILABILITY,origin.list,origin.list,2022-04-07 05:14:11.308463,9714e5f30fb62bf866f9eb94
angiba.112.2o7.net,AVAILABILITY,origin.list,origin.list,2022-04-07 05:14:11.548978,9714e5f30fb62bf866f9eb94
angieslist.tt.omtrdc.net,AVAILABILITY,origin.list,origin.list,2022-04-07 05:14:12.262713,9714e5f30fb62bf866f9eb94
angmil.112.2o7.net,AVAILABILITY,origin.list,origin.list,2022-04-07 05:14:15.177008,9714e5f30fb62bf866f9eb94
angmar.112.2o7.net,AVAILABILITY,origin.list,origin.list,2022-04-07 05:14:15.512728,9714e5f30fb62bf866f9eb94
aolbks.122.2o7.net,AVAILABILITY,origin.list,origin.list,2022-04-07 05:14:19.201389,9714e5f30fb62bf866f9eb94
angpar.112.2o7.net,AVAILABILITY,origin.list,origin.list,2022-04-07 05:14:19.646501,9714e5f30fb62bf866f9eb94
aolcamember.122.2o7.net,AVAILABILITY,origin.list,origin.list,2022-04-07 05:14:19.852364,9714e5f30fb62bf866f9eb94
aolcmp.122.2o7.net,AVAILABILITY,origin.list,origin.list,2022-04-07 05:14:22.996495,9714e5f30fb62bf866f9eb94
aolcg.122.2o7.net,AVAILABILITY,origin.list,origin.list,2022-04-07 05:14:24.706961,9714e5f30fb62bf866f9eb94
aolcommvid.122.2o7.net,AVAILABILITY,origin.list,origin.list,2022-04-07 05:14:26.540336,9714e5f30fb62bf866f9eb94
aolcommem.122.2o7.net,AVAILABILITY,origin.list,origin.list,2022-04-07 05:14:27.043039,9714e5f30fb62bf866f9eb94
aolcsmen.122.2o7.net,AVAILABILITY,origin.list,origin.list,2022-04-07 05:14:27.081118,9714e5f30fb62bf866f9eb94
aoldlama.122.2o7.net,AVAILABILITY,origin.list,origin.list,2022-04-07 05:14:29.589872,9714e5f30fb62bf866f9eb94
aolgam.122.2o7.net,AVAILABILITY,origin.list,origin.list,2022-04-07 05:14:30.625831,9714e5f30fb62bf866f9eb94
aoljournals.122.2o7.net,AVAILABILITY,origin.list,origin.list,2022-04-07 05:14:32.841343,9714e5f30fb62bf866f9eb94
aoldrambuie.122.2o7.net,AVAILABILITY,origin.list,origin.list,2022-04-07 05:14:33.564387,9714e5f30fb62bf866f9eb94
aolgamedaily.122.2o7.net,AVAILABILITY,origin.list,origin.list,2022-04-07 05:14:35.222304,9714e5f30fb62bf866f9eb94
aollatblog.122.2o7.net,AVAILABILITY,origin.list,origin.list,2022-04-07 05:14:36.514304,9714e5f30fb62bf866f9eb94
aollove.122.2o7.net,AVAILABILITY,origin.list,origin.list,2022-04-07 05:14:38.770922,9714e5f30fb62bf866f9eb94
aolnews.122.2o7.net,AVAILABILITY,origin.list,origin.list,2022-04-07 05:14:40.136906,9714e5f30fb62bf866f9eb94
aolmus.122.2o7.net,AVAILABILITY,origin.list,origin.list,2022-04-07 05:14:41.101793,9714e5f30fb62bf866f9eb94
aolmov.122.2o7.net,AVAILABILITY,origin.list,origin.list,2022-04-07 05:14:41.865735,9714e5f30fb62bf866f9eb94
aolnssearch.122.2o7.net,AVAILABILITY,origin.list,origin.list,2022-04-07 05:14:43.896168,9714e5f30fb62bf866f9eb94
aolpf.122.2o7.net,AVAILABILITY,origin.list,origin.list,2022-04-07 05:14:46.226859,9714e5f30fb62bf866f9eb94
aolpolls.122.2o7.net,AVAILABILITY,origin.list,origin.list,2022-04-07 05:14:47.942486,9714e5f30fb62bf866f9eb94
aolshred.122.2o7.net,AVAILABILITY,origin.list,origin.list,2022-04-07 05:14:48.857035,9714e5f30fb62bf866f9eb94
aolsearch.122.2o7.net,AVAILABILITY,origin.list,origin.list,2022-04-07 05:14:51.365816,9714e5f30fb62bf866f9eb94
aolsports.122.2o7.net,AVAILABILITY,origin.list,origin.list,2022-04-07 05:14:51.481909,9714e5f30fb62bf866f9eb94
aolsvc.122.2o7.net,AVAILABILITY,origin.list,origin.list,2022-04-07 05:14:52.690682,9714e5f30fb62bf866f9eb94
aolstylist.122.2o7.net,AVAILABILITY,origin.list,origin.list,2022-04-07 05:14:53.023782,9714e5f30fb62bf866f9eb94
aolswitch.122.2o7.net,AVAILABILITY,origin.list,origin.list,2022-04-07 05:14:56.206082,9714e5f30fb62bf866f9eb94
aolturnercnnmoney.122.2o7.net,AVAILABILITY,origin.list,origin.list,2022-04-07 05:14:59.529539,9714e5f30fb62bf866f9eb94
aoltruveo.122.2o7.net,AVAILABILITY,origin.list,origin.list,2022-04-07 05:15:00.038063,9714e5f30fb62bf866f9eb94
aolturnersi.122.2o7.net,AVAILABILITY,origin.list,origin.list,2022-04-07 05:15:01.875521,9714e5f30fb62bf866f9eb94
aoltmz.122.2o7.net,AVAILABILITY,origin.list,origin.list,2022-04-07 05:15:02.157761,9714e5f30fb62bf866f9eb94
aoluk.122.2o7.net,AVAILABILITY,origin.list,origin.list,2022-04-07 05:15:04.363376,9714e5f30fb62bf866f9eb94
aolvideo.122.2o7.net,AVAILABILITY,origin.list,origin.list,2022-04-07 05:15:07.387681,9714e5f30fb62bf866f9eb94
aolwbautoblog.122.2o7.net,AVAILABILITY,origin.list,origin.list,2022-04-07 05:15:07.683063,9714e5f30fb62bf866f9eb94
aolwbdnlsq.122.2o7.net,AVAILABILITY,origin.list,origin.list,2022-04-07 05:15:09.519138,9714e5f30fb62bf866f9eb94
aolwbcinema.122.2o7.net,AVAILABILITY,origin.list,origin.list,2022-04-07 05:15:09.523990,9714e5f30fb62bf866f9eb94
aolwbgadling.122.2o7.net,AVAILABILITY,origin.list,origin.list,2022-04-07 05:15:11.968720,9714e5f30fb62bf866f9eb94
aolwbengadget.122.2o7.net,AVAILABILITY,origin.list,origin.list,2022-04-07 05:15:12.150586,9714e5f30fb62bf866f9eb94
aolwbpspfboy.122.2o7.net,AVAILABILITY,origin.list,origin.list,2022-04-07 05:15:15.843525,9714e5f30fb62bf866f9eb94
aolwbluxist.122.2o7.net,AVAILABILITY,origin.list,origin.list,2022-04-07 05:15:17.464803,9714e5f30fb62bf866f9eb94
aolwbtvsq.122.2o7.net,AVAILABILITY,origin.list,origin.list,2022-04-07 05:15:19.033913,9714e5f30fb62bf866f9eb94
aolwinamp.122.2o7.net,AVAILABILITY,origin.list,origin.list,2022-04-07 05:15:20.731274,9714e5f30fb62bf866f9eb94
aolwbwowinsd.122.2o7.net,AVAILABILITY,origin.list,origin.list,2022-04-07 05:15:21.373599,9714e5f30fb62bf866f9eb94
aolwpnswhatsnew.112.2o7.net,AVAILABILITY,origin.list,origin.list,2022-04-07 05:15:25.498600,9714e5f30fb62bf866f9eb94
aolwpmq.122.2o7.net,AVAILABILITY,origin.list,origin.list,2022-04-07 05:15:25.949910,9714e5f30fb62bf866f9eb94
aolwpnscom.122.2o7.net,AVAILABILITY,origin.list,origin.list,2022-04-07 05:15:27.065695,9714e5f30fb62bf866f9eb94
aolyedda.122.2o7.net,AVAILABILITY,origin.list,origin.list,2022-04-07 05:15:27.831571,9714e5f30fb62bf866f9eb94
aoncomprod.122.2o7.net,AVAILABILITY,origin.list,origin.list,2022-04-07 05:15:29.103910,9714e5f30fb62bf866f9eb94
apdigitalorgovn.112.2o7.net,AVAILABILITY,origin.list,origin.list,2022-04-07 05:15:33.854396,9714e5f30fb62bf866f9eb94
apdigitalorg.112.2o7.net,AVAILABILITY,origin.list,origin.list,2022-04-07 05:15:34.799845,9714e5f30fb62bf866f9eb94
aporg.112.2o7.net,AVAILABILITY,origin.list,origin.list,2022-04-07 05:15:34.803392,9714e5f30fb62bf866f9eb94
apnonline.112.2o7.net,AVAILABILITY,origin.list,origin.list,2022-04-07 05:15:35.209960,9714e5f30fb62bf866f9eb94
ariba.112.2o7.net,AVAILABILITY,origin.list,origin.list,2022-04-07 05:15:36.583251,9714e5f30fb62bf866f9eb94
arthurmiddletoncapit.tt.omtrdc.net,AVAILABILITY,origin.list,origin.list,2022-04-07 05:15:38.905813,9714e5f30fb62bf866f9eb94
asco.d2.sc.omtrdc.net,AVAILABILITY,origin.list,origin.list,2022-04-07 05:15:40.605492,9714e5f30fb62bf866f9eb94
atlanticmedia.122.2o7.net,AVAILABILITY,origin.list,origin.list,2022-04-07 05:15:43.584270,9714e5f30fb62bf866f9eb94
asadventure.tt.omtrdc.net,AVAILABILITY,origin.list,origin.list,2022-04-07 05:15:43.889061,9714e5f30fb62bf866f9eb94
associatedcontent.112.2o7.net,AVAILABILITY,origin.list,origin.list,2022-04-07 05:15:44.295000,9714e5f30fb62bf866f9eb94
atlassian.122.2o7.net,AVAILABILITY,origin.list,origin.list,2022-04-07 05:15:46.148265,9714e5f30fb62bf866f9eb94
audible.112.2o7.net,AVAILABILITY,origin.list,origin.list,2022-04-07 05:15:48.593541,9714e5f30fb62bf866f9eb94
aumo123usedcarscom.112.2o7.net,AVAILABILITY,origin.list,origin.list,2022-04-07 05:15:51.602060,9714e5f30fb62bf866f9eb94
aumoautomotivecom.112.2o7.net,AVAILABILITY,origin.list,origin.list,2022-04-07 05:15:51.851925,9714e5f30fb62bf866f9eb94
aumoautomobilemagcom.112.2o7.net,AVAILABILITY,origin.list,origin.list,2022-04-07 05:15:52.644779,9714e5f30fb62bf866f9eb94
aumoautomotivectl.112.2o7.net,AVAILABILITY,origin.list,origin.list,2022-04-07 05:15:54.638252,9714e5f30fb62bf866f9eb94
aumocarsbelowinvoice.112.2o7.net,AVAILABILITY,origin.list,origin.list,2022-04-07 05:15:57.840884,9714e5f30fb62bf866f9eb94
aumomotortrend.112.2o7.net,AVAILABILITY,origin.list,origin.list,2022-04-07 05:15:59.154370,9714e5f30fb62bf866f9eb94
aumonewcarcom.112.2o7.net,AVAILABILITY,origin.list,origin.list,2022-04-07 05:16:00.794003,9714e5f30fb62bf866f9eb94
aumotradeinvaluecom.112.2o7.net,AVAILABILITY,origin.list,origin.list,2022-04-07 05:16:00.888611,9714e5f30fb62bf866f9eb94
aumointernetautoguidecom.112.2o7.net,AVAILABILITY,origin.list,origin.list,2022-04-07 05:16:01.138658,9714e5f30fb62bf866f9eb94
australianewzealandb.tt.omtrdc.net,AVAILABILITY,origin.list,origin.list,2022-04-07 05:16:05.616139,9714e5f30fb62bf866f9eb94
autoanythingcom.112.2o7.net,AVAILABILITY,origin.list,origin.list,2022-04-07 05:16:07.892876,9714e5f30fb62bf866f9eb94
autobytel.112.2o7.net,AVAILABILITY,origin.list,origin.list,2022-04-07 05:16:07.921202,9714e5f30fb62bf866f9eb94
autobytelcorppopup.112.2o7.net,AVAILABILITY,origin.list,origin.list,2022-04-07 05:16:08.847948,9714e5f30fb62bf866f9eb94
autocarcomprod.112.2o7.net,AVAILABILITY,origin.list,origin.list,2022-04-07 05:16:08.910364,9714e5f30fb62bf866f9eb94
autodesk.tt.omtrdc.net,AVAILABILITY,origin.list,origin.list,2022-04-07 05:16:13.834728,9714e5f30fb62bf866f9eb94
aviraoperations.d3.sc.omtrdc.net,AVAILABILITY,origin.list,origin.list,2022-04-07 05:16:14.266704,9714e5f30fb62bf866f9eb94
autoscout24.112.2o7.net,AVAILABILITY,origin.list,origin.list,2022-04-07 05:16:14.514513,9714e5f30fb62bf866f9eb94
avgtechnologies.112.2o7.net,AVAILABILITY,origin.list,origin.list,2022-04-07 05:16:15.116922,9714e5f30fb62bf866f9eb94
autoweb.112.2o7.net,AVAILABILITY,origin.list,origin.list,2022-04-07 05:16:15.229963,9714e5f30fb62bf866f9eb94
avon.112.2o7.net,AVAILABILITY,origin.list,origin.list,2022-04-07 05:16:18.551907,9714e5f30fb62bf866f9eb94
awarenesstech.122.2o7.net,AVAILABILITY,origin.list,origin.list,2022-04-07 05:16:20.689065,9714e5f30fb62bf866f9eb94
babycentercom.112.2o7.net,AVAILABILITY,origin.list,origin.list,2022-04-07 05:16:20.992466,9714e5f30fb62bf866f9eb94
aviva.112.2o7.net,AVAILABILITY,origin.list,origin.list,2022-04-07 05:16:23.057172,9714e5f30fb62bf866f9eb94
bankrate.112.2o7.net,AVAILABILITY,origin.list,origin.list,2022-04-07 05:16:24.345571,9714e5f30fb62bf866f9eb94
bbg.d1.sc.omtrdc.net,AVAILABILITY,origin.list,origin.list,2022-04-07 05:16:28.925674,9714e5f30fb62bf866f9eb94
bankwest.112.2o7.net,AVAILABILITY,origin.list,origin.list,2022-04-07 05:16:29.225138,9714e5f30fb62bf866f9eb94
bbg.sc.omtrdc.net,AVAILABILITY,origin.list,origin.list,2022-04-07 05:16:31.613923,9714e5f30fb62bf866f9eb94
bbc.112.2o7.net,AVAILABILITY,origin.list,origin.list,2022-04-07 05:16:31.707736,9714e5f30fb62bf866f9eb94
bbvacolombia.sc.omtrdc.net,AVAILABILITY,origin.list,origin.list,2022-04-07 05:16:34.597648,9714e5f30fb62bf866f9eb94
bcbsks.com.102.112.2o7.net,AVAILABILITY,origin.list,origin.list,2022-04-07 05:16:35.845792,9714e5f30fb62bf866f9eb94
bellglobemediapublishing.122.2o7.net,AVAILABILITY,origin.list,origin.list,2022-04-07 05:16:39.068336,9714e5f30fb62bf866f9eb94
belointeractive.122.2o7.net,AVAILABILITY,origin.list,origin.list,2022-04-07 05:16:39.206754,9714e5f30fb62bf866f9eb94
bertelwissenprod.122.2o7.net,AVAILABILITY,origin.list,origin.list,2022-04-07 05:16:41.426318,9714e5f30fb62bf866f9eb94
bet.122.2o7.net,AVAILABILITY,origin.list,origin.list,2022-04-07 05:16:43.266165,9714e5f30fb62bf866f9eb94
betterhg.112.2o7.net,AVAILABILITY,origin.list,origin.list,2022-04-07 05:16:45.034644,9714e5f30fb62bf866f9eb94
bhgdiy.112.2o7.net,AVAILABILITY,origin.list,origin.list,2022-04-07 05:16:47.402054,9714e5f30fb62bf866f9eb94
bhgdiabeticliving.112.2o7.net,AVAILABILITY,origin.list,origin.list,2022-04-07 05:16:47.591530,9714e5f30fb62bf866f9eb94
bhgremodel.112.2o7.net,AVAILABILITY,origin.list,origin.list,2022-04-07 05:16:49.086207,9714e5f30fb62bf866f9eb94
bhgkitchenbath.112.2o7.net,AVAILABILITY,origin.list,origin.list,2022-04-07 05:16:50.003364,9714e5f30fb62bf866f9eb94
bhgquilting.112.2o7.net,AVAILABILITY,origin.list,origin.list,2022-04-07 05:16:52.499227,9714e5f30fb62bf866f9eb94
bhgscrap.112.2o7.net,AVAILABILITY,origin.list,origin.list,2022-04-07 05:16:55.022037,9714e5f30fb62bf866f9eb94
bigpond.122.2o7.net,AVAILABILITY,origin.list,origin.list,2022-04-07 05:16:57.453918,9714e5f30fb62bf866f9eb94
bitdrive.112.2o7.net,AVAILABILITY,origin.list,origin.list,2022-04-07 05:16:58.022608,9714e5f30fb62bf866f9eb94
bizjournals.112.2o7.net,AVAILABILITY,origin.list,origin.list,2022-04-07 05:16:59.465353,9714e5f30fb62bf866f9eb94
bmwmoter.122.2o7.net,AVAILABILITY,origin.list,origin.list,2022-04-07 05:17:00.278203,9714e5f30fb62bf866f9eb94
blethenmaine.112.2o7.net,AVAILABILITY,origin.list,origin.list,2022-04-07 05:17:00.906988,9714e5f30fb62bf866f9eb94
bnk30livejs.112.2o7.net,AVAILABILITY,origin.list,origin.list,2022-04-07 05:17:06.069697,9714e5f30fb62bf866f9eb94
bnkholic.112.2o7.net,AVAILABILITY,origin.list,origin.list,2022-04-07 05:17:07.694604,9714e5f30fb62bf866f9eb94
bnkicomv2.112.2o7.net,AVAILABILITY,origin.list,origin.list,2022-04-07 05:17:10.795208,9714e5f30fb62bf866f9eb94
bnkr8dev.112.2o7.net,AVAILABILITY,origin.list,origin.list,2022-04-07 05:17:11.511095,9714e5f30fb62bf866f9eb94
bonintnewsktarcom.112.2o7.net,AVAILABILITY,origin.list,origin.list,2022-04-07 05:17:11.830119,9714e5f30fb62bf866f9eb94
bonneville.112.2o7.net,AVAILABILITY,origin.list,origin.list,2022-04-07 05:17:15.645615,9714e5f30fb62bf866f9eb94
bonniercorp.122.2o7.net,AVAILABILITY,origin.list,origin.list,2022-04-07 05:17:16.314063,9714e5f30fb62bf866f9eb94
borders.112.2o7.net,AVAILABILITY,origin.list,origin.list,2022-04-07 05:17:22.683602,9714e5f30fb62bf866f9eb94
boostmobile.112.2o7.net,AVAILABILITY,origin.list,origin.list,2022-04-07 05:17:23.980093,9714e5f30fb62bf866f9eb94
boscovs.com.ssl.sc.omtrdc.net,AVAILABILITY,origin.list,origin.list,2022-04-07 05:17:24.055956,9714e5f30fb62bf866f9eb94
bostoncommonpress.112.2o7.net,AVAILABILITY,origin.list,origin.list,2022-04-07 05:17:26.266719,9714e5f30fb62bf866f9eb94
bostonscientificcorporation.112.2o7.net,AVAILABILITY,origin.list,origin.list,2022-04-07 05:17:27.250011,9714e5f30fb62bf866f9eb94
brightcove.112.2o7.net,AVAILABILITY,origin.list,origin.list,2022-04-07 05:17:32.385887,9714e5f30fb62bf866f9eb94
brangista.122.2o7.net,AVAILABILITY,origin.list,origin.list,2022-04-07 05:17:36.610991,9714e5f30fb62bf866f9eb94
brighthouse.122.2o7.net,AVAILABILITY,origin.list,origin.list,2022-04-07 05:17:36.773084,9714e5f30fb62bf866f9eb94
britishskybroadcasti.tt.omtrdc.net,AVAILABILITY,origin.list,origin.list,2022-04-07 05:17:37.025115,9714e5f30fb62bf866f9eb94
bruceclay.112.2o7.net,AVAILABILITY,origin.list,origin.list,2022-04-07 05:17:40.909925,9714e5f30fb62bf866f9eb94
btcom.112.2o7.net,AVAILABILITY,origin.list,origin.list,2022-04-07 05:17:45.503278,9714e5f30fb62bf866f9eb94
btbusiness.d1.sc.omtrdc.net,AVAILABILITY,origin.list,origin.list,2022-04-07 05:17:45.606892,9714e5f30fb62bf866f9eb94
btigspresalessandt.112.2o7.net,AVAILABILITY,origin.list,origin.list,2022-04-07 05:17:48.300103,9714e5f30fb62bf866f9eb94
budgetcarhire.112.2o7.net,AVAILABILITY,origin.list,origin.list,2022-04-07 05:17:49.321780,9714e5f30fb62bf866f9eb94
btbusiness.tt.omtrdc.net,AVAILABILITY,origin.list,origin.list,2022-04-07 05:17:50.542590,9714e5f30fb62bf866f9eb94
businessweekpoc.112.2o7.net,AVAILABILITY,origin.list,origin.list,2022-04-07 05:17:53.501513,9714e5f30fb62bf866f9eb94
builderonlinecom.112.2o7.net,AVAILABILITY,origin.list,origin.list,2022-04-07 05:17:58.579638,9714e5f30fb62bf866f9eb94
buzzfeed.d1.sc.omtrdc.net,AVAILABILITY,origin.list,origin.list,2022-04-07 05:17:58.766335,9714e5f30fb62bf866f9eb94
buzznet.112.2o7.net,AVAILABILITY,origin.list,origin.list,2022-04-07 05:18:00.044694,9714e5f30fb62bf866f9eb94
buycom.122.2o7.net,AVAILABILITY,origin.list,origin.list,2022-04-07 05:18:00.952433,9714e5f30fb62bf866f9eb94
byutv.d1.sc.omtrdc.net,AVAILABILITY,origin.list,origin.list,2022-04-07 05:18:03.950199,9714e5f30fb62bf866f9eb94
cafemom.d2.sc.omtrdc.net,AVAILABILITY,origin.list,origin.list,2022-04-07 05:18:09.000847,9714e5f30fb62bf866f9eb94
canadapost.112.2o7.net,AVAILABILITY,origin.list,origin.list,2022-04-07 05:18:09.612615,9714e5f30fb62bf866f9eb94
cancalgary.112.2o7.net,AVAILABILITY,origin.list,origin.list,2022-04-07 05:18:11.093300,9714e5f30fb62bf866f9eb94
cancertreatmente.tt.omtrdc.net,AVAILABILITY,origin.list,origin.list,2022-04-07 05:18:14.028362,9714e5f30fb62bf866f9eb94
canfinancialpost.112.2o7.net,AVAILABILITY,origin.list,origin.list,2022-04-07 05:18:18.554923,9714e5f30fb62bf866f9eb94
cannationalpost.112.2o7.net,AVAILABILITY,origin.list,origin.list,2022-04-07 05:18:20.171868,9714e5f30fb62bf866f9eb94
canfaceoff.112.2o7.net,AVAILABILITY,origin.list,origin.list,2022-04-07 05:18:20.654293,9714e5f30fb62bf866f9eb94
canoe.112.2o7.net,AVAILABILITY,origin.list,origin.list,2022-04-07 05:18:22.034980,9714e5f30fb62bf866f9eb94
canottowa.112.2o7.net,AVAILABILITY,origin.list,origin.list,2022-04-07 05:18:25.072067,9714e5f30fb62bf866f9eb94
canwest.112.2o7.net,AVAILABILITY,origin.list,origin.list,2022-04-07 05:18:28.873598,9714e5f30fb62bf866f9eb94
canshowcase.112.2o7.net,AVAILABILITY,origin.list,origin.list,2022-04-07 05:18:29.740203,9714e5f30fb62bf866f9eb94
cantire.122.2o7.net,AVAILABILITY,origin.list,origin.list,2022-04-07 05:18:30.448272,9714e5f30fb62bf866f9eb94
canwestglobal.112.2o7.net,AVAILABILITY,origin.list,origin.list,2022-04-07 05:18:34.902719,9714e5f30fb62bf866f9eb94
capcityadvcom.112.2o7.net,AVAILABILITY,origin.list,origin.list,2022-04-07 05:18:38.346608,9714e5f30fb62bf866f9eb94
capella.122.2o7.net,AVAILABILITY,origin.list,origin.list,2022-04-07 05:18:39.447697,9714e5f30fb62bf866f9eb94
capecodonlinecom.112.2o7.net,AVAILABILITY,origin.list,origin.list,2022-04-07 05:18:40.896301,9714e5f30fb62bf866f9eb94
carbonite.tt.omtrdc.net,AVAILABILITY,origin.list,origin.list,2022-04-07 05:18:42.158675,9714e5f30fb62bf866f9eb94
care2.112.2o7.net,AVAILABILITY,origin.list,origin.list,2022-04-07 05:18:44.594095,9714e5f30fb62bf866f9eb94
carfax.112.2o7.net,AVAILABILITY,origin.list,origin.list,2022-04-07 05:18:50.623854,9714e5f30fb62bf866f9eb94
carlsonradisson.112.2o7.net,AVAILABILITY,origin.list,origin.list,2022-04-07 05:18:51.192101,9714e5f30fb62bf866f9eb94
cba.122.2o7.net,AVAILABILITY,origin.list,origin.list,2022-04-07 05:18:52.035847,9714e5f30fb62bf866f9eb94
cartoonnetwork.122.2o7.net,AVAILABILITY,origin.list,origin.list,2022-04-07 05:18:54.269310,9714e5f30fb62bf866f9eb94
cbc.122.2o7.net,AVAILABILITY,origin.list,origin.list,2022-04-07 05:18:56.892339,9714e5f30fb62bf866f9eb94
cbglobal.112.2o7.net,AVAILABILITY,origin.list,origin.list,2022-04-07 05:18:59.502750,9714e5f30fb62bf866f9eb94
cbcnewmedia.112.2o7.net,AVAILABILITY,origin.list,origin.list,2022-04-07 05:19:00.368409,9714e5f30fb62bf866f9eb94
cbmsn.112.2o7.net,AVAILABILITY,origin.list,origin.list,2022-04-07 05:19:04.627767,9714e5f30fb62bf866f9eb94
cbs.112.2o7.net,AVAILABILITY,origin.list,origin.list,2022-04-07 05:19:06.019560,9714e5f30fb62bf866f9eb94
cbscom.112.2o7.net,AVAILABILITY,origin.list,origin.list,2022-04-07 05:19:10.448730,9714e5f30fb62bf866f9eb94
cbsdigitalmedia.112.2o7.net,AVAILABILITY,origin.list,origin.list,2022-04-07 05:19:10.695972,9714e5f30fb62bf866f9eb94
cbsinteractive.hb.omtrdc.net,AVAILABILITY,origin.list,origin.list,2022-04-07 05:19:11.028497,9714e5f30fb62bf866f9eb94
cbsnfl.112.2o7.net,AVAILABILITY,origin.list,origin.list,2022-04-07 05:19:16.283155,9714e5f30fb62bf866f9eb94
cbspgatour.112.2o7.net,AVAILABILITY,origin.list,origin.list,2022-04-07 05:19:16.296330,9714e5f30fb62bf866f9eb94
cbstelevisiondistribution.112.2o7.net,AVAILABILITY,origin.list,origin.list,2022-04-07 05:19:19.915685,9714e5f30fb62bf866f9eb94
cbsspln.112.2o7.net,AVAILABILITY,origin.list,origin.list,2022-04-07 05:19:20.360252,9714e5f30fb62bf866f9eb94
cbtnuggets.tt.omtrdc.net,AVAILABILITY,origin.list,origin.list,2022-04-07 05:19:23.938500,9714e5f30fb62bf866f9eb94
cdc.112.2o7.net,AVAILABILITY,origin.list,origin.list,2022-04-07 05:19:29.468823,9714e5f30fb62bf866f9eb94
centricabritishgas.d3.sc.omtrdc.net,AVAILABILITY,origin.list,origin.list,2022-04-07 05:19:31.063343,9714e5f30fb62bf866f9eb94
ccrgaviscom.112.2o7.net,AVAILABILITY,origin.list,origin.list,2022-04-07 05:19:31.206988,9714e5f30fb62bf866f9eb94
cengagecsinfosec.112.2o7.net,AVAILABILITY,origin.list,origin.list,2022-04-07 05:19:31.270720,9714e5f30fb62bf866f9eb94
cdn.tt.omtrdc.net,AVAILABILITY,origin.list,origin.list,2022-04-07 05:19:31.431078,9714e5f30fb62bf866f9eb94
channel4.com.ssl.sc.omtrdc.net,AVAILABILITY,origin.list,origin.list,2022-04-07 05:19:40.444783,9714e5f30fb62bf866f9eb94
chacha.112.2o7.net,AVAILABILITY,origin.list,origin.list,2022-04-07 05:19:41.700713,9714e5f30fb62bf866f9eb94
chchoice.112.2o7.net,AVAILABILITY,origin.list,origin.list,2022-04-07 05:19:44.760231,9714e5f30fb62bf866f9eb94
chghowardjohnson.112.2o7.net,AVAILABILITY,origin.list,origin.list,2022-04-07 05:19:46.195486,9714e5f30fb62bf866f9eb94
cfr.112.2o7.net,AVAILABILITY,origin.list,origin.list,2022-04-07 05:19:46.476279,9714e5f30fb62bf866f9eb94
chgsupereight.112.2o7.net,AVAILABILITY,origin.list,origin.list,2022-04-07 05:19:52.975795,9714e5f30fb62bf866f9eb94
chicagosuntimes.122.2o7.net,AVAILABILITY,origin.list,origin.list,2022-04-07 05:19:54.791804,9714e5f30fb62bf866f9eb94
chgwyndham.112.2o7.net,AVAILABILITY,origin.list,origin.list,2022-04-07 05:19:55.002290,9714e5f30fb62bf866f9eb94
christianbroadcastne.tt.omtrdc.net,AVAILABILITY,origin.list,origin.list,2022-04-07 05:19:58.277068,9714e5f30fb62bf866f9eb94
christianscience.tt.omtrdc.net,AVAILABILITY,origin.list,origin.list,2022-04-07 05:20:04.136401,9714e5f30fb62bf866f9eb94
chumtv.122.2o7.net,AVAILABILITY,origin.list,origin.list,2022-04-07 05:20:05.278769,9714e5f30fb62bf866f9eb94
ciaoshopcouk.122.2o7.net,AVAILABILITY,origin.list,origin.list,2022-04-07 05:20:06.248337,9714e5f30fb62bf866f9eb94
ciaocom.122.2o7.net,AVAILABILITY,origin.list,origin.list,2022-04-07 05:20:08.138522,9714e5f30fb62bf866f9eb94
ciaoshopit.122.2o7.net,AVAILABILITY,origin.list,origin.list,2022-04-07 05:20:11.919218,9714e5f30fb62bf866f9eb94
cisco.112.2o7.net,AVAILABILITY,origin.list,origin.list,2022-04-07 05:20:14.140954,9714e5f30fb62bf866f9eb94
cisco.sc.omtrdc.net,AVAILABILITY,origin.list,origin.list,2022-04-07 05:20:14.550071,9714e5f30fb62bf866f9eb94
ciscolearningnetwork.tt.omtrdc.net,AVAILABILITY,origin.list,origin.list,2022-04-07 05:20:15.220219,9714e5f30fb62bf866f9eb94
ciscowebex.112.2o7.net,AVAILABILITY,origin.list,origin.list,2022-04-07 05:20:20.541508,9714e5f30fb62bf866f9eb94
citimobile.d2.sc.omtrdc.net,AVAILABILITY,origin.list,origin.list,2022-04-07 05:20:23.857716,9714e5f30fb62bf866f9eb94
classmatescom.112.2o7.net,AVAILABILITY,origin.list,origin.list,2022-04-07 05:20:24.725860,9714e5f30fb62bf866f9eb94
classicvacations.112.2o7.net,AVAILABILITY,origin.list,origin.list,2022-04-07 05:20:25.345620,9714e5f30fb62bf866f9eb94
clubmed.112.2o7.net,AVAILABILITY,origin.list,origin.list,2022-04-07 05:20:26.726308,9714e5f30fb62bf866f9eb94
clubmom.122.2o7.net,AVAILABILITY,origin.list,origin.list,2022-04-07 05:20:31.228236,9714e5f30fb62bf866f9eb94
cmp.112.2o7.net,AVAILABILITY,origin.list,origin.list,2022-04-07 05:20:35.758734,9714e5f30fb62bf866f9eb94
cmpglobalvista.112.2o7.net,AVAILABILITY,origin.list,origin.list,2022-04-07 05:20:38.191731,9714e5f30fb62bf866f9eb94
cmpdotnetjunkiescom.112.2o7.net,AVAILABILITY,origin.list,origin.list,2022-04-07 05:20:38.780517,9714e5f30fb62bf866f9eb94
cmpmedica.112.2o7.net,AVAILABILITY,origin.list,origin.list,2022-04-07 05:20:43.088496,9714e5f30fb62bf866f9eb94
cmtvia.112.2o7.net,AVAILABILITY,origin.list,origin.list,2022-04-07 05:20:44.683479,9714e5f30fb62bf866f9eb94
cnetasiapacific.122.2o7.net,AVAILABILITY,origin.list,origin.list,2022-04-07 05:20:49.240446,9714e5f30fb62bf866f9eb94
cneteurope.122.2o7.net,AVAILABILITY,origin.list,origin.list,2022-04-07 05:20:51.351642,9714e5f30fb62bf866f9eb94
cnetaustralia.122.2o7.net,AVAILABILITY,origin.list,origin.list,2022-04-07 05:20:51.352209,9714e5f30fb62bf866f9eb94
cnetnews.112.2o7.net,AVAILABILITY,origin.list,origin.list,2022-04-07 05:20:57.212758,9714e5f30fb62bf866f9eb94
cnetjapan.122.2o7.net,AVAILABILITY,origin.list,origin.list,2022-04-07 05:20:57.214267,9714e5f30fb62bf866f9eb94
cnettech.112.2o7.net,AVAILABILITY,origin.list,origin.list,2022-04-07 05:20:58.785486,9714e5f30fb62bf866f9eb94
cnetzdnet.112.2o7.net,AVAILABILITY,origin.list,origin.list,2022-04-07 05:21:02.550758,9714e5f30fb62bf866f9eb94
cnheagletribune.112.2o7.net,AVAILABILITY,origin.list,origin.list,2022-04-07 05:21:06.923711,9714e5f30fb62bf866f9eb94
cnhiautovertical.122.2o7.net,AVAILABILITY,origin.list,origin.list,2022-04-07 05:21:08.581857,9714e5f30fb62bf866f9eb94
cnhibatesvilleheraldtribune.122.2o7.net,AVAILABILITY,origin.list,origin.list,2022-04-07 05:21:09.374816,9714e5f30fb62bf866f9eb94
cnhibdtonline.122.2o7.net,AVAILABILITY,origin.list,origin.list,2022-04-07 05:21:10.794348,9714e5f30fb62bf866f9eb94
cnhicrossvillechronicle.122.2o7.net,AVAILABILITY,origin.list,origin.list,2022-04-07 05:21:13.238748,9714e5f30fb62bf866f9eb94
cnhidailyindependent.122.2o7.net,AVAILABILITY,origin.list,origin.list,2022-04-07 05:21:17.123483,9714e5f30fb62bf866f9eb94
cnhieagletribune.122.2o7.net,AVAILABILITY,origin.list,origin.list,2022-04-07 05:21:20.898249,9714e5f30fb62bf866f9eb94
cnhienid.122.2o7.net,AVAILABILITY,origin.list,origin.list,2022-04-07 05:21:22.869258,9714e5f30fb62bf866f9eb94
cnhijohnstown.122.2o7.net,AVAILABILITY,origin.list,origin.list,2022-04-07 05:21:23.669045,9714e5f30fb62bf866f9eb94
cnhinewscourier.122.2o7.net,AVAILABILITY,origin.list,origin.list,2022-04-07 05:21:25.196864,9714e5f30fb62bf866f9eb94
cnn.122.2o7.net,AVAILABILITY,origin.list,origin.list,2022-04-07 05:21:30.936198,9714e5f30fb62bf866f9eb94
cnhinewsservicedev.122.2o7.net,AVAILABILITY,origin.list,origin.list,2022-04-07 05:21:31.263499,9714e5f30fb62bf866f9eb94
cnhijoplinglobe.122.2o7.net,AVAILABILITY,origin.list,origin.list,2022-04-07 05:21:31.909619,9714e5f30fb62bf866f9eb94
cnhirecordeagle.122.2o7.net,AVAILABILITY,origin.list,origin.list,2022-04-07 05:21:35.516508,9714e5f30fb62bf866f9eb94
cnnglobal.122.2o7.net,AVAILABILITY,origin.list,origin.list,2022-04-07 05:21:35.752676,9714e5f30fb62bf866f9eb94
cnocanoecaprod.112.2o7.net,AVAILABILITY,origin.list,origin.list,2022-04-07 05:21:41.427190,9714e5f30fb62bf866f9eb94
cnoompprod.112.2o7.net,AVAILABILITY,origin.list,origin.list,2022-04-07 05:21:44.046424,9714e5f30fb62bf866f9eb94
cnnireport.122.2o7.net,AVAILABILITY,origin.list,origin.list,2022-04-07 05:21:45.696737,9714e5f30fb62bf866f9eb94
comcastresidentialservices.tt.omtrdc.net,AVAILABILITY,origin.list,origin.list,2022-04-07 05:21:47.435668,9714e5f30fb62bf866f9eb94
comcast.tt.omtrdc.net,AVAILABILITY,origin.list,origin.list,2022-04-07 05:21:52.261122,9714e5f30fb62bf866f9eb94
computerworldcom.112.2o7.net,AVAILABILITY,origin.list,origin.list,2022-04-07 05:21:53.722654,9714e5f30fb62bf866f9eb94
comvelgmbh.d1.sc.omtrdc.net,AVAILABILITY,origin.list,origin.list,2022-04-07 05:21:54.877923,9714e5f30fb62bf866f9eb94
condeconsumermarketing.112.2o7.net,AVAILABILITY,origin.list,origin.list,2022-04-07 05:21:59.238334,9714e5f30fb62bf866f9eb94
condenast.112.2o7.net,AVAILABILITY,origin.list,origin.list,2022-04-07 05:22:02.636111,9714e5f30fb62bf866f9eb94
consumerinfo.tt.omtrdc.net,AVAILABILITY,origin.list,origin.list,2022-04-07 05:22:07.750988,9714e5f30fb62bf866f9eb94
conpst.112.2o7.net,AVAILABILITY,origin.list,origin.list,2022-04-07 05:22:08.231345,9714e5f30fb62bf866f9eb94
constantcontact.tt.omtrdc.net,AVAILABILITY,origin.list,origin.list,2022-04-07 05:22:08.413069,9714e5f30fb62bf866f9eb94
condenast.insight.omtrdc.net,AVAILABILITY,origin.list,origin.list,2022-04-07 05:22:14.227026,9714e5f30fb62bf866f9eb94
cookingcom.112.2o7.net,AVAILABILITY,origin.list,origin.list,2022-04-07 05:22:14.986509,9714e5f30fb62bf866f9eb94
consumerreports.tt.omtrdc.net,AVAILABILITY,origin.list,origin.list,2022-04-07 05:22:16.416875,9714e5f30fb62bf866f9eb94
coreluk.112.2o7.net,AVAILABILITY,origin.list,origin.list,2022-04-07 05:22:19.446099,9714e5f30fb62bf866f9eb94
corelcom.112.2o7.net,AVAILABILITY,origin.list,origin.list,2022-04-07 05:22:20.817911,9714e5f30fb62bf866f9eb94
corinthiancolleges.112.2o7.net,AVAILABILITY,origin.list,origin.list,2022-04-07 05:22:24.954482,9714e5f30fb62bf866f9eb94
costargroup.112.2o7.net,AVAILABILITY,origin.list,origin.list,2022-04-07 05:22:28.887043,9714e5f30fb62bf866f9eb94
couponchief.122.2o7.net,AVAILABILITY,origin.list,origin.list,2022-04-07 05:22:31.799326,9714e5f30fb62bf866f9eb94
coxhsi.112.2o7.net,AVAILABILITY,origin.list,origin.list,2022-04-07 05:22:33.714612,9714e5f30fb62bf866f9eb94
coxnet.112.2o7.net,AVAILABILITY,origin.list,origin.list,2022-04-07 05:22:33.894861,9714e5f30fb62bf866f9eb94
couhome.112.2o7.net,AVAILABILITY,origin.list,origin.list,2022-04-07 05:22:35.131443,9714e5f30fb62bf866f9eb94
coxnetmasterglobal.112.2o7.net,AVAILABILITY,origin.list,origin.list,2022-04-07 05:22:39.558753,9714e5f30fb62bf866f9eb94
cpusall.112.2o7.net,AVAILABILITY,origin.list,origin.list,2022-04-07 05:22:42.997979,9714e5f30fb62bf866f9eb94
crain.d1.sc.omtrdc.net,AVAILABILITY,origin.list,origin.list,2022-04-07 05:22:44.002094,9714e5f30fb62bf866f9eb94
createthegroup.122.2o7.net,AVAILABILITY,origin.list,origin.list,2022-04-07 05:22:46.679993,9714e5f30fb62bf866f9eb94
creditagricole.tt.omtrdc.net,AVAILABILITY,origin.list,origin.list,2022-04-07 05:22:49.061958,9714e5f30fb62bf866f9eb94
creditcardscom.112.2o7.net,AVAILABILITY,origin.list,origin.list,2022-04-07 05:22:49.954728,9714e5f30fb62bf866f9eb94
csoonlinecom.112.2o7.net,AVAILABILITY,origin.list,origin.list,2022-04-07 05:22:56.211925,9714e5f30fb62bf866f9eb94
cruisecritic.112.2o7.net,AVAILABILITY,origin.list,origin.list,2022-04-07 05:22:58.009979,9714e5f30fb62bf866f9eb94
cri.d1.sc.omtrdc.net,AVAILABILITY,origin.list,origin.list,2022-04-07 05:22:58.058243,9714e5f30fb62bf866f9eb94
ctvcrimelibrary.112.2o7.net,AVAILABILITY,origin.list,origin.list,2022-04-07 05:23:03.723064,9714e5f30fb62bf866f9eb94
ctvsmokinggun.112.2o7.net,AVAILABILITY,origin.list,origin.list,2022-04-07 05:23:05.623740,9714e5f30fb62bf866f9eb94
ctvmaincom.112.2o7.net,AVAILABILITY,origin.list,origin.list,2022-04-07 05:23:09.467890,9714e5f30fb62bf866f9eb94
cunda.d3.sc.omtrdc.net,AVAILABILITY,origin.list,origin.list,2022-04-07 05:23:10.388460,9714e5f30fb62bf866f9eb94
ctvtsgtv.112.2o7.net,AVAILABILITY,origin.list,origin.list,2022-04-07 05:23:12.918589,9714e5f30fb62bf866f9eb94
cwnetworkmparticle.112.2o7.net,AVAILABILITY,origin.list,origin.list,2022-04-07 05:23:14.067560,9714e5f30fb62bf866f9eb94
cwportal.112.2o7.net,AVAILABILITY,origin.list,origin.list,2022-04-07 05:23:17.448522,9714e5f30fb62bf866f9eb94
cxociocom.112.2o7.net,AVAILABILITY,origin.list,origin.list,2022-04-07 05:23:22.200759,9714e5f30fb62bf866f9eb94
cyberdefender.122.2o7.net,AVAILABILITY,origin.list,origin.list,2022-04-07 05:23:23.775778,9714e5f30fb62bf866f9eb94
cyberagent.122.2o7.net,AVAILABILITY,origin.list,origin.list,2022-04-07 05:23:24.137069,9714e5f30fb62bf866f9eb94
cxocomdev.112.2o7.net,AVAILABILITY,origin.list,origin.list,2022-04-07 05:23:25.027739,9714e5f30fb62bf866f9eb94
dardenrestaurants.112.2o7.net,AVAILABILITY,origin.list,origin.list,2022-04-07 05:23:32.526327,9714e5f30fb62bf866f9eb94
daimlerag.122.2o7.net,AVAILABILITY,origin.list,origin.list,2022-04-07 05:23:36.483437,9714e5f30fb62bf866f9eb94
dealnews.122.2o7.net,AVAILABILITY,origin.list,origin.list,2022-04-07 05:23:37.383531,9714e5f30fb62bf866f9eb94
dailyheraldpaddockpublication.112.2o7.net,AVAILABILITY,origin.list,origin.list,2022-04-07 05:23:37.894275,9714e5f30fb62bf866f9eb94
daimlerag.d2.sc.omtrdc.net,AVAILABILITY,origin.list,origin.list,2022-04-07 05:23:39.262833,9714e5f30fb62bf866f9eb94
delightful.112.2o7.net,AVAILABILITY,origin.list,origin.list,2022-04-07 05:23:45.895976,9714e5f30fb62bf866f9eb94
dellinc.tt.omtrdc.net,AVAILABILITY,origin.list,origin.list,2022-04-07 05:23:47.836716,9714e5f30fb62bf866f9eb94
dennispublishing.112.2o7.net,AVAILABILITY,origin.list,origin.list,2022-04-07 05:23:50.622811,9714e5f30fb62bf866f9eb94
delphicom.112.2o7.net,AVAILABILITY,origin.list,origin.list,2022-04-07 05:23:52.270496,9714e5f30fb62bf866f9eb94
deloitte.122.2o7.net,AVAILABILITY,origin.list,origin.list,2022-04-07 05:23:53.127967,9714e5f30fb62bf866f9eb94
denverpost.112.2o7.net,AVAILABILITY,origin.list,origin.list,2022-04-07 05:23:56.288840,9714e5f30fb62bf866f9eb94
deseretdigitalmedia.tt.omtrdc.net,AVAILABILITY,origin.list,origin.list,2022-04-07 05:23:59.336022,9714e5f30fb62bf866f9eb94
deseretnews.112.2o7.net,AVAILABILITY,origin.list,origin.list,2022-04-07 05:24:03.722253,9714e5f30fb62bf866f9eb94
developjapan.122.2o7.net,AVAILABILITY,origin.list,origin.list,2022-04-07 05:24:03.744028,9714e5f30fb62bf866f9eb94
dexdexprod.112.2o7.net,AVAILABILITY,origin.list,origin.list,2022-04-07 05:24:06.433591,9714e5f30fb62bf866f9eb94
dgag.112.2o7.net,AVAILABILITY,origin.list,origin.list,2022-04-07 05:24:07.943553,9714e5f30fb62bf866f9eb94
dillards.112.2o7.net,AVAILABILITY,origin.list,origin.list,2022-04-07 05:24:11.209242,9714e5f30fb62bf866f9eb94
directtv.tt.omtrdc.net,AVAILABILITY,origin.list,origin.list,2022-04-07 05:24:15.782786,9714e5f30fb62bf866f9eb94
dis.d1.sc.omtrdc.net,AVAILABILITY,origin.list,origin.list,2022-04-07 05:24:16.448481,9714e5f30fb62bf866f9eb94
disneyinternational.hb.omtrdc.net,AVAILABILITY,origin.list,origin.list,2022-04-07 05:24:20.288596,9714e5f30fb62bf866f9eb94
discovercard.112.2o7.net,AVAILABILITY,origin.list,origin.list,2022-04-07 05:24:22.510009,9714e5f30fb62bf866f9eb94
divx.112.2o7.net,AVAILABILITY,origin.list,origin.list,2022-04-07 05:24:24.592899,9714e5f30fb62bf866f9eb94
dmcontactmanagement.122.2o7.net,AVAILABILITY,origin.list,origin.list,2022-04-07 05:24:29.576291,9714e5f30fb62bf866f9eb94
dmvguidecom.112.2o7.net,AVAILABILITY,origin.list,origin.list,2022-04-07 05:24:30.274511,9714e5f30fb62bf866f9eb94
dixonscouk.112.2o7.net,AVAILABILITY,origin.list,origin.list,2022-04-07 05:24:32.747996,9714e5f30fb62bf866f9eb94
dominionenterprises.112.2o7.net,AVAILABILITY,origin.list,origin.list,2022-04-07 05:24:33.765556,9714e5f30fb62bf866f9eb94
doctorsassociatesrx.112.2o7.net,AVAILABILITY,origin.list,origin.list,2022-04-07 05:24:35.040196,9714e5f30fb62bf866f9eb94
dotsterdotsteraug08.112.2o7.net,AVAILABILITY,origin.list,origin.list,2022-04-07 05:24:40.975498,9714e5f30fb62bf866f9eb94
dotsterdomaincom.112.2o7.net,AVAILABILITY,origin.list,origin.list,2022-04-07 05:24:43.010560,9714e5f30fb62bf866f9eb94
dreamhome.112.2o7.net,AVAILABILITY,origin.list,origin.list,2022-04-07 05:24:43.715037,9714e5f30fb62bf866f9eb94
dotster.112.2o7.net,AVAILABILITY,origin.list,origin.list,2022-04-07 05:24:45.938213,9714e5f30fb62bf866f9eb94
dummy.112.2o7.net,AVAILABILITY,origin.list,origin.list,2022-04-07 05:24:48.930995,9714e5f30fb62bf866f9eb94
dunandbradstreet.122.2o7.net,AVAILABILITY,origin.list,origin.list,2022-04-07 05:24:54.426837,9714e5f30fb62bf866f9eb94
duluthtrading.tt.omtrdc.net,AVAILABILITY,origin.list,origin.list,2022-04-07 05:24:55.157133,9714e5f30fb62bf866f9eb94
eaeacom.112.2o7.net,AVAILABILITY,origin.list,origin.list,2022-04-07 05:24:55.942525,9714e5f30fb62bf866f9eb94
eagamesuk.112.2o7.net,AVAILABILITY,origin.list,origin.list,2022-04-07 05:24:57.841816,9714e5f30fb62bf866f9eb94
eapogocom.112.2o7.net,AVAILABILITY,origin.list,origin.list,2022-04-07 05:25:02.876554,9714e5f30fb62bf866f9eb94
eaglemiles.112.2o7.net,AVAILABILITY,origin.list,origin.list,2022-04-07 05:25:05.127153,9714e5f30fb62bf866f9eb94
earthlink.122.2o7.net,AVAILABILITY,origin.list,origin.list,2022-04-07 05:25:07.238706,9714e5f30fb62bf866f9eb94
earthlnkpsplive.122.2o7.net,AVAILABILITY,origin.list,origin.list,2022-04-07 05:25:08.680466,9714e5f30fb62bf866f9eb94
edietsmain.112.2o7.net,AVAILABILITY,origin.list,origin.list,2022-04-07 05:25:10.843187,9714e5f30fb62bf866f9eb94
edmunds.112.2o7.net,AVAILABILITY,origin.list,origin.list,2022-04-07 05:25:17.549447,9714e5f30fb62bf866f9eb94
educationmanagementllc.112.2o7.net,AVAILABILITY,origin.list,origin.list,2022-04-07 05:25:18.432118,9714e5f30fb62bf866f9eb94
educationmanagementl.tt.omtrdc.net,AVAILABILITY,origin.list,origin.list,2022-04-07 05:25:21.373859,9714e5f30fb62bf866f9eb94
edsa.122.2o7.net,AVAILABILITY,origin.list,origin.list,2022-04-07 05:25:23.715647,9714e5f30fb62bf866f9eb94
efashionsolutions.122.2o7.net,AVAILABILITY,origin.list,origin.list,2022-04-07 05:25:25.957462,9714e5f30fb62bf866f9eb94
eharmony.112.2o7.net,AVAILABILITY,origin.list,origin.list,2022-04-07 05:25:28.015815,9714e5f30fb62bf866f9eb94
ehadvicedev.112.2o7.net,AVAILABILITY,origin.list,origin.list,2022-04-07 05:25:29.430815,9714e5f30fb62bf866f9eb94
ehealthinsurance.tt.omtrdc.net,AVAILABILITY,origin.list,origin.list,2022-04-07 05:25:32.727286,9714e5f30fb62bf866f9eb94
eharmony.tt.omtrdc.net,AVAILABILITY,origin.list,origin.list,2022-04-07 05:25:32.756756,9714e5f30fb62bf866f9eb94
elkjop.112.2o7.net,AVAILABILITY,origin.list,origin.list,2022-04-07 05:25:41.474286,9714e5f30fb62bf866f9eb94
electronicarts.112.2o7.net,AVAILABILITY,origin.list,origin.list,2022-04-07 05:25:41.844758,9714e5f30fb62bf866f9eb94
eleconomista.d1.sc.omtrdc.net,AVAILABILITY,origin.list,origin.list,2022-04-07 05:25:45.990760,9714e5f30fb62bf866f9eb94
eluniversalmx.sc.omtrdc.net,AVAILABILITY,origin.list,origin.list,2022-04-07 05:25:46.167342,9714e5f30fb62bf866f9eb94
eloqua.122.2o7.net,AVAILABILITY,origin.list,origin.list,2022-04-07 05:25:47.116755,9714e5f30fb62bf866f9eb94
emc.122.2o7.net,AVAILABILITY,origin.list,origin.list,2022-04-07 05:25:50.288747,9714e5f30fb62bf866f9eb94
epebuild.112.2o7.net,AVAILABILITY,origin.list,origin.list,2022-04-07 05:25:53.725129,9714e5f30fb62bf866f9eb94
entrepreneurpoc.122.2o7.net,AVAILABILITY,origin.list,origin.list,2022-04-07 05:25:53.976170,9714e5f30fb62bf866f9eb94
entrepreneur.122.2o7.net,AVAILABILITY,origin.list,origin.list,2022-04-07 05:25:58.625276,9714e5f30fb62bf866f9eb94
enterprisemediagroup.112.2o7.net,AVAILABILITY,origin.list,origin.list,2022-04-07 05:25:59.667049,9714e5f30fb62bf866f9eb94
eplans.112.2o7.net,AVAILABILITY,origin.list,origin.list,2022-04-07 05:26:00.266322,9714e5f30fb62bf866f9eb94
espndotcom.tt.omtrdc.net,AVAILABILITY,origin.list,origin.list,2022-04-07 05:26:06.286678,9714e5f30fb62bf866f9eb94
eremedia.112.2o7.net,AVAILABILITY,origin.list,origin.list,2022-04-07 05:26:06.645983,9714e5f30fb62bf866f9eb94
eset.122.2o7.net,AVAILABILITY,origin.list,origin.list,2022-04-07 05:26:07.543074,9714e5f30fb62bf866f9eb94
eucpviveusaprod.112.2o7.net,AVAILABILITY,origin.list,origin.list,2022-04-07 05:26:10.894515,9714e5f30fb62bf866f9eb94
eurostar.122.2o7.net,AVAILABILITY,origin.list,origin.list,2022-04-07 05:26:11.986696,9714e5f30fb62bf866f9eb94
eventbrite.122.2o7.net,AVAILABILITY,origin.list,origin.list,2022-04-07 05:26:16.484370,9714e5f30fb62bf866f9eb94
evepdaikencom.112.2o7.net,AVAILABILITY,origin.list,origin.list,2022-04-07 05:26:18.401902,9714e5f30fb62bf866f9eb94
evepdaggiesports.112.2o7.net,AVAILABILITY,origin.list,origin.list,2022-04-07 05:26:19.939799,9714e5f30fb62bf866f9eb94
evepdbrazossports.112.2o7.net,AVAILABILITY,origin.list,origin.list,2022-04-07 05:26:24.033056,9714e5f30fb62bf866f9eb94
evepdcharleston.112.2o7.net,AVAILABILITY,origin.list,origin.list,2022-04-07 05:26:25.336583,9714e5f30fb62bf866f9eb94
ewscorpuschristi.112.2o7.net,AVAILABILITY,origin.list,origin.list,2022-04-07 05:26:30.021469,9714e5f30fb62bf866f9eb94
evepdeagledev.112.2o7.net,AVAILABILITY,origin.list,origin.list,2022-04-07 05:26:31.177626,9714e5f30fb62bf866f9eb94
ewsabilene.112.2o7.net,AVAILABILITY,origin.list,origin.list,2022-04-07 05:26:31.694558,9714e5f30fb62bf866f9eb94
ewscripps.112.2o7.net,AVAILABILITY,origin.list,origin.list,2022-04-07 05:26:32.030125,9714e5f30fb62bf866f9eb94
ewsmemphis.112.2o7.net,AVAILABILITY,origin.list,origin.list,2022-04-07 05:26:37.162258,9714e5f30fb62bf866f9eb94
examinercom.122.2o7.net,AVAILABILITY,origin.list,origin.list,2022-04-07 05:26:41.716384,9714e5f30fb62bf866f9eb94
ewsnaples.112.2o7.net,AVAILABILITY,origin.list,origin.list,2022-04-07 05:26:41.756873,9714e5f30fb62bf866f9eb94
expedia1.112.2o7.net,AVAILABILITY,origin.list,origin.list,2022-04-07 05:26:43.888354,9714e5f30fb62bf866f9eb94
ewsventura.112.2o7.net,AVAILABILITY,origin.list,origin.list,2022-04-07 05:26:44.441986,9714e5f30fb62bf866f9eb94
expedia6vt.112.2o7.net,AVAILABILITY,origin.list,origin.list,2022-04-07 05:26:50.364818,9714e5f30fb62bf866f9eb94
experianservicescorp.122.2o7.net,AVAILABILITY,origin.list,origin.list,2022-04-07 05:26:50.991307,9714e5f30fb62bf866f9eb94
expedia8.112.2o7.net,AVAILABILITY,origin.list,origin.list,2022-04-07 05:26:53.585647,9714e5f30fb62bf866f9eb94
expertsexchange.112.2o7.net,AVAILABILITY,origin.list,origin.list,2022-04-07 05:26:57.088062,9714e5f30fb62bf866f9eb94
extrovert.122.2o7.net,AVAILABILITY,origin.list,origin.list,2022-04-07 05:26:58.698651,9714e5f30fb62bf866f9eb94
ezgds.112.2o7.net,AVAILABILITY,origin.list,origin.list,2022-04-07 05:27:01.193805,9714e5f30fb62bf866f9eb94
f2communitynews.112.2o7.net,AVAILABILITY,origin.list,origin.list,2022-04-07 05:27:05.089702,9714e5f30fb62bf866f9eb94
f2nbt.112.2o7.net,AVAILABILITY,origin.list,origin.list,2022-04-07 05:27:07.765406,9714e5f30fb62bf866f9eb94
f2nmycareer.112.2o7.net,AVAILABILITY,origin.list,origin.list,2022-04-07 05:27:08.814568,9714e5f30fb62bf866f9eb94
f2network.112.2o7.net,AVAILABILITY,origin.list,origin.list,2022-04-07 05:27:09.733722,9714e5f30fb62bf866f9eb94
f2nsmh.112.2o7.net,AVAILABILITY,origin.list,origin.list,2022-04-07 05:27:15.226122,9714e5f30fb62bf866f9eb94
factiva.122.2o7.net,AVAILABILITY,origin.list,origin.list,2022-04-07 05:27:18.630635,9714e5f30fb62bf866f9eb94
f2ntheage.112.2o7.net,AVAILABILITY,origin.list,origin.list,2022-04-07 05:27:19.889475,9714e5f30fb62bf866f9eb94
facebookinc.122.2o7.net,AVAILABILITY,origin.list,origin.list,2022-04-07 05:27:20.003811,9714e5f30fb62bf866f9eb94
fairfaxau.d1.sc.omtrdc.net,AVAILABILITY,origin.list,origin.list,2022-04-07 05:27:22.591098,9714e5f30fb62bf866f9eb94
fanatics.112.2o7.net,AVAILABILITY,origin.list,origin.list,2022-04-07 05:27:26.111082,9714e5f30fb62bf866f9eb94
figlobal.112.2o7.net,AVAILABILITY,origin.list,origin.list,2022-04-07 05:27:29.203878,9714e5f30fb62bf866f9eb94
fbfredericksburgcom.112.2o7.net,AVAILABILITY,origin.list,origin.list,2022-04-07 05:27:30.949941,9714e5f30fb62bf866f9eb94
farecastcom.122.2o7.net,AVAILABILITY,origin.list,origin.list,2022-04-07 05:27:31.456504,9714e5f30fb62bf866f9eb94
fim.122.2o7.net,AVAILABILITY,origin.list,origin.list,2022-04-07 05:27:35.092709,9714e5f30fb62bf866f9eb94
flipkart.d1.sc.omtrdc.net,AVAILABILITY,origin.list,origin.list,2022-04-07 05:27:36.241587,9714e5f30fb62bf866f9eb94
flyingmag.com.122.2o7.net,AVAILABILITY,origin.list,origin.list,2022-04-07 05:27:42.748564,9714e5f30fb62bf866f9eb94
ford.112.2o7.net,AVAILABILITY,origin.list,origin.list,2022-04-07 05:27:43.679940,9714e5f30fb62bf866f9eb94
foxamw.112.2o7.net,AVAILABILITY,origin.list,origin.list,2022-04-07 05:27:44.124213,9714e5f30fb62bf866f9eb94
foxidol.112.2o7.net,AVAILABILITY,origin.list,origin.list,2022-04-07 05:27:46.487005,9714e5f30fb62bf866f9eb94
foxcom.112.2o7.net,AVAILABILITY,origin.list,origin.list,2022-04-07 05:27:48.225690,9714e5f30fb62bf866f9eb94
furniturecom.112.2o7.net,AVAILABILITY,origin.list,origin.list,2022-04-07 05:27:55.506986,9714e5f30fb62bf866f9eb94
foxinteractivemedia.122.2o7.net,AVAILABILITY,origin.list,origin.list,2022-04-07 05:27:56.057036,9714e5f30fb62bf866f9eb94
foxnews.tt.omtrdc.net,AVAILABILITY,origin.list,origin.list,2022-04-07 05:27:56.227725,9714e5f30fb62bf866f9eb94
furnlevitz.112.2o7.net,AVAILABILITY,origin.list,origin.list,2022-04-07 05:27:56.346637,9714e5f30fb62bf866f9eb94
fusetv.112.2o7.net,AVAILABILITY,origin.list,origin.list,2022-04-07 05:27:58.215029,9714e5f30fb62bf866f9eb94
gap.112.2o7.net,AVAILABILITY,origin.list,origin.list,2022-04-07 05:28:07.895295,9714e5f30fb62bf866f9eb94
gatehousemedia.122.2o7.net,AVAILABILITY,origin.list,origin.list,2022-04-07 05:28:08.110184,9714e5f30fb62bf866f9eb94
g2.112.2o7.net,AVAILABILITY,origin.list,origin.list,2022-04-07 05:28:08.208369,9714e5f30fb62bf866f9eb94
genetree.112.2o7.net,AVAILABILITY,origin.list,origin.list,2022-04-07 05:28:10.352950,9714e5f30fb62bf866f9eb94
gateway.122.2o7.net,AVAILABILITY,origin.list,origin.list,2022-04-07 05:28:11.987769,9714e5f30fb62bf866f9eb94
giftscom.122.2o7.net,AVAILABILITY,origin.list,origin.list,2022-04-07 05:28:18.714049,9714e5f30fb62bf866f9eb94
geosign.112.2o7.net,AVAILABILITY,origin.list,origin.list,2022-04-07 05:28:18.998309,9714e5f30fb62bf866f9eb94
gifastcompanycom.112.2o7.net,AVAILABILITY,origin.list,origin.list,2022-04-07 05:28:20.181172,9714e5f30fb62bf866f9eb94
gigamon.sc.omtrdc.net,AVAILABILITY,origin.list,origin.list,2022-04-07 05:28:20.857321,9714e5f30fb62bf866f9eb94
gigamon.tt.omtrdc.net,AVAILABILITY,origin.list,origin.list,2022-04-07 05:28:21.782131,9714e5f30fb62bf866f9eb94
gmglobalt3sites.112.2o7.net,AVAILABILITY,origin.list,origin.list,2022-04-07 05:28:25.688493,9714e5f30fb62bf866f9eb94
gjincscobleizer.112.2o7.net,AVAILABILITY,origin.list,origin.list,2022-04-07 05:28:27.749611,9714e5f30fb62bf866f9eb94
gjfastcompanycom.112.2o7.net,AVAILABILITY,origin.list,origin.list,2022-04-07 05:28:28.616172,9714e5f30fb62bf866f9eb94
gmgmacfs.112.2o7.net,AVAILABILITY,origin.list,origin.list,2022-04-07 05:28:29.651269,9714e5f30fb62bf866f9eb94
gmgmacmortgage.112.2o7.net,AVAILABILITY,origin.list,origin.list,2022-04-07 05:28:32.256204,9714e5f30fb62bf866f9eb94
gmgmcom.112.2o7.net,AVAILABILITY,origin.list,origin.list,2022-04-07 05:28:37.054593,9714e5f30fb62bf866f9eb94
gmgoodwrenchdmaprod.112.2o7.net,AVAILABILITY,origin.list,origin.list,2022-04-07 05:28:39.328237,9714e5f30fb62bf866f9eb94
gntbcstkare.112.2o7.net,AVAILABILITY,origin.list,origin.list,2022-04-07 05:28:39.983487,9714e5f30fb62bf866f9eb94
gmgoodwrench.112.2o7.net,AVAILABILITY,origin.list,origin.list,2022-04-07 05:28:40.215496,9714e5f30fb62bf866f9eb94
gntbcstglobal.112.2o7.net,AVAILABILITY,origin.list,origin.list,2022-04-07 05:28:43.092212,9714e5f30fb62bf866f9eb94
gntbcstkthv.112.2o7.net,AVAILABILITY,origin.list,origin.list,2022-04-07 05:28:48.234773,9714e5f30fb62bf866f9eb94
gntbcstksdk.112.2o7.net,AVAILABILITY,origin.list,origin.list,2022-04-07 05:28:49.986206,9714e5f30fb62bf866f9eb94
gntbcstkusa.112.2o7.net,AVAILABILITY,origin.list,origin.list,2022-04-07 05:28:51.208435,9714e5f30fb62bf866f9eb94
gntbcstwbir.112.2o7.net,AVAILABILITY,origin.list,origin.list,2022-04-07 05:28:51.569121,9714e5f30fb62bf866f9eb94
gntbcstkxtv.112.2o7.net,AVAILABILITY,origin.list,origin.list,2022-04-07 05:28:52.163157,9714e5f30fb62bf866f9eb94
gntbcstwcsh.112.2o7.net,AVAILABILITY,origin.list,origin.list,2022-04-07 05:28:56.306956,9714e5f30fb62bf866f9eb94
gntbcstwlbz.112.2o7.net,AVAILABILITY,origin.list,origin.list,2022-04-07 05:28:58.474866,9714e5f30fb62bf866f9eb94
gntbcstwkyc.112.2o7.net,AVAILABILITY,origin.list,origin.list,2022-04-07 05:29:02.945584,9714e5f30fb62bf866f9eb94
gntbcstwfmy.112.2o7.net,AVAILABILITY,origin.list,origin.list,2022-04-07 05:29:03.115336,9714e5f30fb62bf866f9eb94
gntbcstwltx.112.2o7.net,AVAILABILITY,origin.list,origin.list,2022-04-07 05:29:05.009410,9714e5f30fb62bf866f9eb94
gntbcstwtlv.112.2o7.net,AVAILABILITY,origin.list,origin.list,2022-04-07 05:29:07.337112,9714e5f30fb62bf866f9eb94
gntbcstwmaz.112.2o7.net,AVAILABILITY,origin.list,origin.list,2022-04-07 05:29:07.491263,9714e5f30fb62bf866f9eb94
gntbcstwtsp.112.2o7.net,AVAILABILITY,origin.list,origin.list,2022-04-07 05:29:14.209435,9714e5f30fb62bf866f9eb94
gntbcstwusa.112.2o7.net,AVAILABILITY,origin.list,origin.list,2022-04-07 05:29:14.757381,9714e5f30fb62bf866f9eb94
gntbcstwzzm.112.2o7.net,AVAILABILITY,origin.list,origin.list,2022-04-07 05:29:15.943897,9714e5f30fb62bf866f9eb94
gntbcstwxia.112.2o7.net,AVAILABILITY,origin.list,origin.list,2022-04-07 05:29:17.850196,9714e5f30fb62bf866f9eb94
goodyear.122.2o7.net,AVAILABILITY,origin.list,origin.list,2022-04-07 05:29:22.329132,9714e5f30fb62bf866f9eb94
gourmetgiftbaskets.112.2o7.net,AVAILABILITY,origin.list,origin.list,2022-04-07 05:29:26.262853,9714e5f30fb62bf866f9eb94
gpapercareer.112.2o7.net,AVAILABILITY,origin.list,origin.list,2022-04-07 05:29:26.861223,9714e5f30fb62bf866f9eb94
gpapermom104.112.2o7.net,AVAILABILITY,origin.list,origin.list,2022-04-07 05:29:28.718176,9714e5f30fb62bf866f9eb94
grunerandjahr.112.2o7.net,AVAILABILITY,origin.list,origin.list,2022-04-07 05:29:30.465171,9714e5f30fb62bf866f9eb94
gsicpbs.112.2o7.net,AVAILABILITY,origin.list,origin.list,2022-04-07 05:29:31.043472,9714e5f30fb62bf866f9eb94
guthyrenker.tt.omtrdc.net,AVAILABILITY,origin.list,origin.list,2022-04-07 05:29:35.246657,9714e5f30fb62bf866f9eb94
guthyrenker.112.2o7.net,AVAILABILITY,origin.list,origin.list,2022-04-07 05:29:36.502859,9714e5f30fb62bf866f9eb94
guj.122.2o7.net,AVAILABILITY,origin.list,origin.list,2022-04-07 05:29:38.802366,9714e5f30fb62bf866f9eb94
hallmarkibmcom.112.2o7.net,AVAILABILITY,origin.list,origin.list,2022-04-07 05:29:42.438302,9714e5f30fb62bf866f9eb94
harconsumer.112.2o7.net,AVAILABILITY,origin.list,origin.list,2022-04-07 05:29:44.901470,9714e5f30fb62bf866f9eb94
harlandclarke.d1.sc.omtrdc.net,AVAILABILITY,origin.list,origin.list,2022-04-07 05:29:48.299777,9714e5f30fb62bf866f9eb94
harrahs.112.2o7.net,AVAILABILITY,origin.list,origin.list,2022-04-07 05:29:49.151990,9714e5f30fb62bf866f9eb94
harpo.122.2o7.net,AVAILABILITY,origin.list,origin.list,2022-04-07 05:29:50.339205,9714e5f30fb62bf866f9eb94
harrahscom.112.2o7.net,AVAILABILITY,origin.list,origin.list,2022-04-07 05:29:55.208364,9714e5f30fb62bf866f9eb94
healthination.122.2o7.net,AVAILABILITY,origin.list,origin.list,2022-04-07 05:29:59.259331,9714e5f30fb62bf866f9eb94
haymarketbusinesspublications.122.2o7.net,AVAILABILITY,origin.list,origin.list,2022-04-07 05:29:59.496758,9714e5f30fb62bf866f9eb94
healthgrades.112.2o7.net,AVAILABILITY,origin.list,origin.list,2022-04-07 05:29:59.649626,9714e5f30fb62bf866f9eb94
hchrmain.112.2o7.net,AVAILABILITY,origin.list,origin.list,2022-04-07 05:30:00.110618,9714e5f30fb62bf866f9eb94
hearstdigital.122.2o7.net,AVAILABILITY,origin.list,origin.list,2022-04-07 05:30:08.388195,9714e5f30fb62bf866f9eb94
hearstugo.112.2o7.net,AVAILABILITY,origin.list,origin.list,2022-04-07 05:30:12.946831,9714e5f30fb62bf866f9eb94
heartbeats.omtrdc.net,AVAILABILITY,origin.list,origin.list,2022-04-07 05:30:13.096184,9714e5f30fb62bf866f9eb94
hearstmagazines.112.2o7.net,AVAILABILITY,origin.list,origin.list,2022-04-07 05:30:13.306113,9714e5f30fb62bf866f9eb94
heavycom.122.2o7.net,AVAILABILITY,origin.list,origin.list,2022-04-07 05:30:14.966170,9714e5f30fb62bf866f9eb94
hertz.122.2o7.net,AVAILABILITY,origin.list,origin.list,2022-04-07 05:30:19.764185,9714e5f30fb62bf866f9eb94
highbeam.122.2o7.net,AVAILABILITY,origin.list,origin.list,2022-04-07 05:30:23.992185,9714e5f30fb62bf866f9eb94
hickoryfarms.112.2o7.net,AVAILABILITY,origin.list,origin.list,2022-04-07 05:30:24.146542,9714e5f30fb62bf866f9eb94
himedia.112.2o7.net,AVAILABILITY,origin.list,origin.list,2022-04-07 05:30:27.303083,9714e5f30fb62bf866f9eb94
his.112.2o7.net,AVAILABILITY,origin.list,origin.list,2022-04-07 05:30:31.301733,9714e5f30fb62bf866f9eb94
hisnakiamotors.122.2o7.net,AVAILABILITY,origin.list,origin.list,2022-04-07 05:30:32.234038,9714e5f30fb62bf866f9eb94
homepjlconline.com.112.2o7.net,AVAILABILITY,origin.list,origin.list,2022-04-07 05:30:39.460497,9714e5f30fb62bf866f9eb94
hollywood.122.2o7.net,AVAILABILITY,origin.list,origin.list,2022-04-07 05:30:41.339630,9714e5f30fb62bf866f9eb94
homepproav.112.2o7.net,AVAILABILITY,origin.list,origin.list,2022-04-07 05:30:42.645783,9714e5f30fb62bf866f9eb94
hm.d1.sc.omtrdc.net,AVAILABILITY,origin.list,origin.list,2022-04-07 05:30:42.649864,9714e5f30fb62bf866f9eb94
homesteadtechnologies.122.2o7.net,AVAILABILITY,origin.list,origin.list,2022-04-07 05:30:45.611511,9714e5f30fb62bf866f9eb94
homestore.122.2o7.net,AVAILABILITY,origin.list,origin.list,2022-04-07 05:30:50.250927,9714e5f30fb62bf866f9eb94
hswmedia.122.2o7.net,AVAILABILITY,origin.list,origin.list,2022-04-07 05:30:51.336841,9714e5f30fb62bf866f9eb94
hotelscom.122.2o7.net,AVAILABILITY,origin.list,origin.list,2022-04-07 05:30:52.519260,9714e5f30fb62bf866f9eb94
hphqglobal.112.2o7.net,AVAILABILITY,origin.list,origin.list,2022-04-07 05:30:58.439912,9714e5f30fb62bf866f9eb94
hulu.112.2o7.net,AVAILABILITY,origin.list,origin.list,2022-04-07 05:30:58.443942,9714e5f30fb62bf866f9eb94
ibibo.112.2o7.net,AVAILABILITY,origin.list,origin.list,2022-04-07 05:31:03.019929,9714e5f30fb62bf866f9eb94
huludev.112.2o7.net,AVAILABILITY,origin.list,origin.list,2022-04-07 05:31:03.360293,9714e5f30fb62bf866f9eb94
hyperlinktech.122.2o7.net,AVAILABILITY,origin.list,origin.list,2022-04-07 05:31:09.422182,9714e5f30fb62bf866f9eb94
ice.112.2o7.net,AVAILABILITY,origin.list,origin.list,2022-04-07 05:31:09.867748,9714e5f30fb62bf866f9eb94
iconhealthfitness.tt.omtrdc.net,AVAILABILITY,origin.list,origin.list,2022-04-07 05:31:12.896500,9714e5f30fb62bf866f9eb94
idgenterprise.112.2o7.net,AVAILABILITY,origin.list,origin.list,2022-04-07 05:31:18.331023,9714e5f30fb62bf866f9eb94
idgenterprise.d1.sc.omtrdc.net,AVAILABILITY,origin.list,origin.list,2022-04-07 05:31:19.437808,9714e5f30fb62bf866f9eb94
imc2.122.2o7.net,AVAILABILITY,origin.list,origin.list,2022-04-07 05:31:20.861640,9714e5f30fb62bf866f9eb94
ihc.112.2o7.net,AVAILABILITY,origin.list,origin.list,2022-04-07 05:31:25.015388,9714e5f30fb62bf866f9eb94
imeem.112.2o7.net,AVAILABILITY,origin.list,origin.list,2022-04-07 05:31:28.160792,9714e5f30fb62bf866f9eb94
imiliving.122.2o7.net,AVAILABILITY,origin.list,origin.list,2022-04-07 05:31:30.728327,9714e5f30fb62bf866f9eb94
incisivemedia.112.2o7.net,AVAILABILITY,origin.list,origin.list,2022-04-07 05:31:32.256275,9714e5f30fb62bf866f9eb94
indigio.122.2o7.net,AVAILABILITY,origin.list,origin.list,2022-04-07 05:31:40.260269,9714e5f30fb62bf866f9eb94
infoworldmediagroup.112.2o7.net,AVAILABILITY,origin.list,origin.list,2022-04-07 05:31:41.091367,9714e5f30fb62bf866f9eb94
independentdigital.d3.sc.omtrdc.net,AVAILABILITY,origin.list,origin.list,2022-04-07 05:31:41.526576,9714e5f30fb62bf866f9eb94
infratotalduicom.122.2o7.net,AVAILABILITY,origin.list,origin.list,2022-04-07 05:31:42.315453,9714e5f30fb62bf866f9eb94
infrastrategy.122.2o7.net,AVAILABILITY,origin.list,origin.list,2022-04-07 05:31:42.846009,9714e5f30fb62bf866f9eb94
insightenterprises.tt.omtrdc.net,AVAILABILITY,origin.list,origin.list,2022-04-07 05:31:49.278579,9714e5f30fb62bf866f9eb94
insiderpagescom.122.2o7.net,AVAILABILITY,origin.list,origin.list,2022-04-07 05:31:52.575149,9714e5f30fb62bf866f9eb94
intelcorperror.112.2o7.net,AVAILABILITY,origin.list,origin.list,2022-04-07 05:31:55.391110,9714e5f30fb62bf866f9eb94
intelcorpchan.112.2o7.net,AVAILABILITY,origin.list,origin.list,2022-04-07 05:31:55.802955,9714e5f30fb62bf866f9eb94
instadia.112.2o7.net,AVAILABILITY,origin.list,origin.list,2022-04-07 05:31:55.984106,9714e5f30fb62bf866f9eb94
intelcorpsupp.112.2o7.net,AVAILABILITY,origin.list,origin.list,2022-04-07 05:32:00.458985,9714e5f30fb62bf866f9eb94
interchangecorporation.122.2o7.net,AVAILABILITY,origin.list,origin.list,2022-04-07 05:32:01.486711,9714e5f30fb62bf866f9eb94
internetretailer.d2.sc.omtrdc.net,AVAILABILITY,origin.list,origin.list,2022-04-07 05:32:04.775385,9714e5f30fb62bf866f9eb94
interland.122.2o7.net,AVAILABILITY,origin.list,origin.list,2022-04-07 05:32:08.576323,9714e5f30fb62bf866f9eb94
intouchsolutions.112.2o7.net,AVAILABILITY,origin.list,origin.list,2022-04-07 05:32:09.762673,9714e5f30fb62bf866f9eb94
intuitinc.122.2o7.net,AVAILABILITY,origin.list,origin.list,2022-04-07 05:32:14.539034,9714e5f30fb62bf866f9eb94
iodatadevice.d2.sc.omtrdc.net,AVAILABILITY,origin.list,origin.list,2022-04-07 05:32:14.588498,9714e5f30fb62bf866f9eb94
ipcmedia.122.2o7.net,AVAILABILITY,origin.list,origin.list,2022-04-07 05:32:17.956716,9714e5f30fb62bf866f9eb94
ipcmarieclaireprod.122.2o7.net,AVAILABILITY,origin.list,origin.list,2022-04-07 05:32:18.694773,9714e5f30fb62bf866f9eb94
ipcnowprod.122.2o7.net,AVAILABILITY,origin.list,origin.list,2022-04-07 05:32:25.637595,9714e5f30fb62bf866f9eb94
ipcwebuserprod.122.2o7.net,AVAILABILITY,origin.list,origin.list,2022-04-07 05:32:25.698356,9714e5f30fb62bf866f9eb94
ipcuncut.122.2o7.net,AVAILABILITY,origin.list,origin.list,2022-04-07 05:32:28.551863,9714e5f30fb62bf866f9eb94
iqdigitalmediamarketinggmbh.sc.omtrdc.net,AVAILABILITY,origin.list,origin.list,2022-04-07 05:32:30.103926,9714e5f30fb62bf866f9eb94
isaca.sc.omtrdc.net,AVAILABILITY,origin.list,origin.list,2022-04-07 05:32:33.675762,9714e5f30fb62bf866f9eb94
ipcyachtingworldprod.122.2o7.net,AVAILABILITY,origin.list,origin.list,2022-04-07 05:32:36.095782,9714e5f30fb62bf866f9eb94
isaca.tt.omtrdc.net,AVAILABILITY,origin.list,origin.list,2022-04-07 05:32:39.208204,9714e5f30fb62bf866f9eb94
itv.112.2o7.net,AVAILABILITY,origin.list,origin.list,2022-04-07 05:32:44.032113,9714e5f30fb62bf866f9eb94
ivillageglobal.112.2o7.net,AVAILABILITY,origin.list,origin.list,2022-04-07 05:32:45.252991,9714e5f30fb62bf866f9eb94
